{"loss": [0.0014093171004588678, 0.0007682578288950026, 0.0004968594616974308, 0.0003719848324704201, 0.0002921715909806527, 0.0002534388642668826, 0.00022859436345018752, 0.00022166842963125506], "auc": [1.0, 1.0, 1.0, 1.0, 1.0, 1.0, 1.0, 1.0], "valid_loss": [0.0008649356896057725, 0.0004966711858287454, 0.00034790553036145866, 0.00026891432935371995, 0.000224433999392204, 0.00019898664322681725, 0.00018493924289941788, 0.00018039843416772783], "valid_auc": [1.0, 1.0, 1.0, 1.0, 1.0, 1.0, 1.0, 1.0]}